index,bagian
6,train
467,train
2052,train
741,train
2265,train
1514,train
1363,train
2037,train
418,train
517,train
902,train
695,train
602,train
1731,train
1578,train
1266,train
1026,train
1840,train
504,train
1811,train
2171,train
1186,train
933,train
1162,train
24,train
1807,train
2333,train
1041,train
2018,train
360,train
2332,train
607,train
1237,train
1438,train
650,train
2203,train
2187,train
757,train
1164,train
2131,train
1557,train
1545,train
522,train
2000,train
162,train
1311,train
679,train
2101,train
1609,train
2291,train
2204,train
2122,train
797,train
1510,train
610,train
1154,train
822,train
1602,train
169,train
1539,train
1747,train
118,train
668,train
1183,train
2081,train
402,train
923,train
1904,train
1950,train
1011,train
845,train
284,train
1221,train
1664,train
209,train
672,train
1330,train
1732,train
1256,train
1335,train
612,train
725,train
172,train
1641,train
220,train
492,train
1250,train
2264,train
1014,train
755,train
2294,train
2284,train
1723,train
2213,train
824,train
1566,train
2035,train
1869,train
1389,train
1384,train
1564,train
1056,train
749,train
2125,train
1567,train
319,train
930,train
784,train
2309,train
1003,train
1643,train
2312,train
369,train
1768,train
1988,train
1720,train
269,train
2045,train
2255,train
1867,train
71,train
2063,train
651,train
2059,train
2003,train
1491,train
919,train
2048,train
796,train
276,train
685,train
1843,train
1992,train
122,train
1847,train
2012,train
1782,train
1200,train
1921,train
1832,train
531,train
384,train
1083,train
966,train
2009,train
1313,train
1024,train
620,train
727,train
463,train
167,train
710,train
1144,train
590,train
643,train
838,train
869,train
1498,train
771,train
1703,train
2300,train
1201,train
1691,train
1353,train
786,train
1825,train
582,train
114,train
1038,train
527,train
2148,train
2057,train
1272,train
827,train
1104,train
489,train
505,train
174,train
368,train
1923,train
615,train
1445,train
978,train
2162,train
1632,train
1089,train
2095,train
2096,train
642,train
533,train
1461,train
348,train
2230,train
2238,train
1612,train
1817,train
1222,train
1290,train
959,train
2303,train
976,train
490,train
2025,train
1663,train
171,train
1656,train
58,train
525,train
1079,train
888,train
565,train
288,train
1160,train
999,train
2022,train
17,train
396,train
1412,train
207,train
862,train
1151,train
2137,train
1887,train
1270,train
2190,train
662,train
1138,train
1114,train
995,train
1998,train
1146,train
1202,train
1974,train
1649,train
1715,train
1735,train
469,train
94,train
1493,train
2164,train
1509,train
1538,train
476,train
26,train
1077,train
461,train
1045,train
1890,train
1793,train
2292,train
706,train
37,train
440,train
1572,train
1473,train
863,train
77,train
2001,train
1123,train
343,train
1744,train
187,train
365,train
182,train
1253,train
2302,train
378,train
138,train
1797,train
1603,train
2039,train
1166,train
158,train
310,train
1317,train
2138,train
371,train
819,train
281,train
2032,train
1976,train
619,train
1805,train
1933,train
1866,train
1882,train
1329,train
1294,train
1368,train
654,train
721,train
1683,train
1477,train
1490,train
1468,train
46,train
1508,train
703,train
1754,train
586,train
1006,train
1699,train
1675,train
1730,train
1669,train
1862,train
105,train
1671,train
2250,train
254,train
84,train
1626,train
86,train
391,train
951,train
165,train
2172,train
154,train
199,train
1301,train
450,train
1225,train
767,train
481,train
1947,train
428,train
1192,train
2085,train
1742,train
677,train
1212,train
1505,train
1406,train
1415,train
568,train
678,train
2082,train
2220,train
2109,train
592,train
1689,train
789,train
208,train
2069,train
2337,train
487,train
1254,train
1386,train
665,train
1467,train
1408,train
1165,train
2256,train
1991,train
907,train
744,train
2163,train
1000,train
1299,train
215,train
2150,train
2167,train
1366,train
2311,train
2270,train
1853,train
1913,train
31,train
1255,train
2113,train
379,train
442,train
1803,train
157,train
257,train
972,train
1670,train
928,train
1881,train
266,train
159,train
465,train
404,train
977,train
197,train
1268,train
1351,train
766,train
2315,train
2139,train
196,train
2236,train
621,train
1652,train
1199,train
1870,train
2154,train
1230,train
232,train
126,train
1760,train
1504,train
2229,train
287,train
967,train
997,train
636,train
40,train
984,train
856,train
98,train
2183,train
2278,train
510,train
506,train
2267,train
1894,train
704,train
2214,train
1679,train
2209,train
711,train
1850,train
1448,train
2334,train
432,train
982,train
2010,train
1149,train
491,train
2310,train
698,train
1392,train
1746,train
526,train
408,train
1133,train
2143,train
808,train
1718,train
1611,train
295,train
1728,train
2212,train
1883,train
150,train
177,train
359,train
426,train
714,train
638,train
1252,train
99,train
1808,train
781,train
743,train
1535,train
474,train
1558,train
1457,train
1071,train
961,train
460,train
14,train
1008,train
575,train
1397,train
485,train
1210,train
1050,train
1465,train
21,train
1549,train
599,train
1657,train
1479,train
739,train
821,train
2202,train
2166,train
1418,train
1588,train
521,train
1370,train
988,train
1070,train
598,train
1914,train
1333,train
1323,train
301,train
511,train
870,train
2280,train
300,train
1487,train
1142,train
267,train
817,train
1942,train
1677,train
1605,train
530,train
1961,train
63,train
1215,train
596,train
1402,train
692,train
2304,train
688,train
1115,train
1599,train
514,train
2136,train
82,train
722,train
231,train
1872,train
2205,train
1745,train
2,train
669,train
1042,train
291,train
155,train
468,train
1231,train
1207,train
1878,train
1709,train
2133,train
344,train
990,train
303,train
948,train
737,train
1282,train
401,train
1930,train
2176,train
2228,train
1429,train
1391,train
826,train
1908,train
1178,train
1859,train
1587,train
2246,train
279,train
1934,train
286,train
1073,train
1030,train
806,train
1828,train
1239,train
2145,train
1590,train
1159,train
321,train
216,train
2111,train
1526,train
1596,train
1835,train
1544,train
941,train
2296,train
2338,train
217,train
1849,train
730,train
1265,train
153,train
1953,train
161,train
1589,train
624,train
357,train
173,train
1627,train
471,train
1560,train
186,train
626,train
653,train
516,train
783,train
828,train
705,train
605,train
1513,train
914,train
1532,train
1193,train
1382,train
356,train
553,train
879,train
640,train
453,train
268,train
9,train
1034,train
1080,train
617,train
2004,train
1072,train
292,train
1124,train
847,train
326,train
904,train
2196,train
1102,train
2219,train
846,train
1958,train
433,train
389,train
1646,train
346,train
2130,train
2055,train
2144,train
93,train
233,train
1401,train
261,train
1424,train
736,train
123,train
191,train
666,train
2277,train
840,train
1629,train
1292,train
1096,train
1209,train
1597,train
1705,train
635,train
2008,train
1005,train
549,train
814,train
201,train
735,train
2226,train
2129,train
1712,train
1214,train
820,train
960,train
1919,train
1984,train
567,train
1046,train
1595,train
1177,train
1295,train
2179,train
560,train
2005,train
872,train
1327,train
1523,train
50,train
1963,train
1773,train
434,train
475,train
875,train
16,train
364,train
831,train
634,train
1413,train
438,train
236,train
477,train
1462,train
1838,train
726,train
252,train
2210,train
1220,train
912,train
1592,train
1437,train
1986,train
1376,train
1999,train
381,train
661,train
1450,train
1339,train
2308,train
1098,train
45,train
140,train
1442,train
1837,train
1788,train
778,train
2252,train
1063,train
572,train
1764,train
1582,train
121,train
52,train
2208,train
1755,train
358,train
1454,train
497,train
1082,train
413,train
1336,train
855,train
1822,train
195,train
645,train
1068,train
2151,train
2317,train
799,train
760,train
2065,train
770,train
188,train
1203,train
1226,train
663,train
1269,train
825,train
987,train
1516,train
1044,train
892,train
1507,train
844,train
1107,train
842,train
1600,train
152,train
581,train
2287,train
1338,train
1982,train
578,train
412,train
250,train
1802,train
2110,train
1475,train
1568,train
2224,train
1084,train
515,train
1734,train
1375,train
925,train
2244,train
107,train
454,train
64,train
472,train
1651,train
520,train
385,train
500,train
1798,train
431,train
589,train
256,train
1271,train
2227,train
1639,train
1027,train
1345,train
349,train
1489,train
1,train
1573,train
473,train
850,train
1135,train
1893,train
1907,train
1369,train
2319,train
693,train
1296,train
970,train
1935,train
608,train
1453,train
945,train
1879,train
1927,train
1332,train
942,train
1815,train
1577,train
2335,train
2182,train
899,train
1035,train
758,train
1929,train
429,train
470,train
1031,train
1349,train
890,train
483,train
399,train
1388,train
2147,train
2327,train
1428,train
2253,train
502,train
1831,train
1152,train
417,train
1725,train
124,train
742,train
1719,train
1912,train
1895,train
1319,train
1957,train
1624,train
1846,train
1839,train
361,train
518,train
1318,train
1101,train
1074,train
1289,train
813,train
1928,train
1810,train
974,train
398,train
618,train
1264,train
985,train
1941,train
947,train
1430,train
1954,train
752,train
2169,train
311,train
559,train
536,train
1795,train
20,train
339,train
922,train
2188,train
1884,train
558,train
1973,train
8,train
59,train
1325,train
329,train
1494,train
2243,train
1425,train
1109,train
2044,train
1842,train
1315,train
12,train
193,train
1241,train
1647,train
1972,train
632,train
1503,train
1065,train
1362,train
528,train
1546,train
1674,train
1806,train
968,train
2062,train
405,train
1792,train
1556,train
629,train
1727,train
1196,train
1245,train
1314,train
2263,train
546,train
1348,train
1968,train
2233,train
230,train
1127,train
1704,train
1020,train
22,train
61,train
600,train
2026,train
1857,train
1062,train
213,train
2098,train
299,train
1969,train
1776,train
2015,train
2019,train
1359,train
707,train
1688,train
403,train
1291,train
424,train
1520,train
723,train
1774,train
241,train
1765,train
143,train
1347,train
2330,train
455,train
513,train
761,train
2105,train
80,train
1364,train
170,train
1474,train
1276,train
117,train
1751,train
274,train
2120,train
1103,train
1206,train
1120,train
2161,train
307,train
1167,train
1997,train
449,train
1775,train
1690,train
2092,train
259,train
1932,train
414,train
2231,train
915,train
958,train
1531,train
1665,train
1852,train
816,train
1147,train
1232,train
2293,train
1809,train
1228,train
1303,train
2124,train
427,train
1040,train
1511,train
280,train
2194,train
1355,train
183,train
2046,train
1097,train
1777,train
1377,train
372,train
448,train
1888,train
430,train
2097,train
464,train
1217,train
613,train
979,train
2060,train
1787,train
1219,train
1009,train
406,train
701,train
769,train
649,train
854,train
1312,train
332,train
2283,train
1157,train
1495,train
768,train
2301,train
486,train
2017,train
1105,train
719,train
1419,train
1750,train
1471,train
1571,train
222,train
983,train
247,train
853,train
877,train
1955,train
1427,train
419,train
119,train
1033,train
324,train
680,train
547,train
2165,train
949,train
67,train
293,train
42,train
409,train
2146,train
2031,train
1240,train
66,train
1940,train
535,train
1499,train
315,train
1661,train
164,train
1279,train
924,train
609,train
839,train
1010,train
1673,train
658,train
776,train
1023,train
184,train
1758,train
374,train
2295,train
1182,train
423,train
1380,train
2235,train
394,train
397,train
1372,train
1385,train
65,train
296,train
986,train
1356,train
51,train
1076,train
2282,train
1993,train
285,train
1519,train
782,train
697,train
859,train
1780,train
1161,train
811,train
1721,train
1586,train
1057,train
2127,train
740,train
258,train
466,train
2049,train
1346,train
458,train
1943,train
1460,train
815,train
100,train
555,train
194,train
2170,train
932,train
1833,train
1483,train
1658,train
2053,train
2135,train
416,train
1128,train
1267,train
1716,train
1344,train
1172,train
1959,train
1288,train
603,train
1130,train
1769,train
812,train
1400,train
1826,train
235,train
116,train
1449,train
627,train
729,train
764,train
1897,train
2251,train
1284,train
90,train
2189,train
2248,train
219,train
691,train
2254,train
328,train
906,train
2114,train
1791,train
1601,train
33,train
1447,train
2269,train
1635,train
1188,train
2029,train
1374,train
1236,train
795,train
1121,train
1043,train
81,train
1530,train
456,train
444,train
1559,train
75,train
950,train
2297,train
524,train
1616,train
573,train
1243,train
1106,train
1926,train
1819,train
1529,train
1094,train
918,train
717,train
938,train
435,train
1962,train
1710,train
508,train
1995,train
1706,train
810,train
1480,train
780,train
785,train
2234,train
690,train
1680,train
304,train
176,train
1697,train
1813,train
1229,train
1297,train
2036,train
1470,train
1662,train
1459,train
2184,train
55,train
1985,train
1851,train
857,train
1281,train
864,train
791,train
1039,train
1528,train
2206,train
1422,train
1304,train
459,train
203,train
175,train
1885,train
101,train
625,train
370,train
878,train
775,train
1441,train
1525,train
224,train
1383,train
2075,train
2260,train
540,train
630,train
1393,train
1763,train
1155,train
1022,train
498,train
1552,train
1434,train
39,train
1736,train
1379,train
1061,train
1452,train
1757,train
1088,train
762,train
1012,train
392,train
1110,train
881,train
494,train
1655,train
2239,train
700,train
896,train
554,train
1771,train
1195,train
375,train
1116,train
168,train
748,train
312,train
338,train
198,train
1937,train
800,train
580,train
1407,train
1759,train
400,train
1141,train
386,train
1975,train
323,train
963,train
687,train
646,train
2241,train
2259,train
1877,train
2067,train
1820,train
127,train
1693,train
1310,train
1119,train
298,train
809,train
1996,train
873,train
1137,train
2030,train
913,train
1343,train
2041,train
1316,train
1622,train
488,train
694,train
802,train
1278,train
1790,train
2192,train
2061,train
2014,train
563,train
1555,train
1613,train
829,train
1197,train
1946,train
848,train
724,train
1129,train
1488,train
1260,train
351,train
836,train
2149,train
1527,train
1340,train
548,train
2261,train
675,train
141,train
569,train
1681,train
1208,train
1451,train
421,train
18,train
793,train
718,train
1497,train
1583,train
1983,train
255,train
2028,train
130,train
611,train
2271,train
407,train
1707,train
316,train
1854,train
2071,train
1189,train
2102,train
1784,train
445,train
495,train
1848,train
36,train
2178,train
482,train
532,train
376,train
1492,train
1880,train
390,train
834,train
1987,train
835,train
19,train
2119,train
1918,train
1143,train
893,train
807,train
2326,train
1868,train
1741,train
1864,train
865,train
1423,train
1800,train
131,train
1726,train
251,train
641,train
388,train
1357,train
1436,train
998,train
1004,train
1251,train
2272,train
1856,train
229,train
1360,train
1002,train
1280,train
1139,train
1936,train
178,train
756,train
72,train
1925,train
1827,train
926,train
322,train
1234,train
1053,train
1967,train
1381,train
1293,train
747,train
681,train
1939,train
2038,train
1876,train
523,train
637,train
2007,train
41,train
1565,train
139,train
1729,train
38,train
1686,train
1191,train
27,train
47,train
104,train
1637,train
851,train
1158,train
745,train
1614,train
133,train
278,train
1248,train
905,train
1286,train
1378,train
1952,train
1218,train
501,train
96,train
1409,train
479,train
34,train
1458,train
601,train
545,train
2289,train
2325,train
1238,train
1179,train
1029,train
2207,train
270,train
774,train
305,train
1404,train
1980,train
674,train
205,train
30,train
1500,train
1667,train
78,train
1548,train
1701,train
306,train
2321,train
882,train
110,train
1944,train
2336,train
1328,train
2159,train
246,train
671,train
85,train
1085,train
1562,train
2058,train
1964,train
102,train
550,train
1194,train
759,train
325,train
2054,train
1075,train
393,train
676,train
327,train
1638,train
185,train
1058,train
2158,train
849,train
1249,train
1743,train
916,train
69,train
944,train
1431,train
387,train
200,train
2083,train
1175,train
955,train
644,train
366,train
1696,train
290,train
53,train
937,train
108,train
1891,train
1522,train
2258,train
1170,train
265,train
777,train
801,train
952,train
664,train
2068,train
1770,train
210,train
1789,train
1633,train
734,train
74,train
1259,train
496,train
297,train
1634,train
989,train
2305,train
1903,train
1607,train
1184,train
436,train
953,train
956,train
211,train
587,train
1917,train
262,train
1067,train
352,train
1739,train
1066,train
240,train
529,train
1484,train
746,train
2076,train
189,train
962,train
1227,train
1855,train
226,train
1753,train
452,train
1051,train
1246,train
647,train
1931,train
1181,train
313,train
2218,train
1049,train
509,train
2047,train
910,train
1122,train
2177,train
1871,train
1326,train
656,train
56,train
2079,train
667,train
571,train
73,train
946,train
1013,train
1387,train
931,train
1092,train
2153,train
320,train
2099,train
1801,train
341,train
1341,train
551,train
283,train
2168,train
1563,train
584,train
1938,train
1901,train
2013,train
1285,train
2011,train
1502,train
994,train
2051,train
614,train
2078,train
716,train
2174,train
1032,train
1131,train
1140,train
2306,train
595,train
1001,train
1198,train
1547,train
1275,train
1561,train
457,train
1762,train
308,train
1714,train
264,train
1321,train
1695,train
2324,train
1636,train
1486,train
1308,train
135,train
32,train
1829,train
1069,train
243,train
1064,train
895,train
437,train
87,train
1481,train
1081,train
1331,train
2191,train
1501,train
447,train
2223,train
874,train
1650,train
1263,train
1187,train
833,train
980,train
1818,train
1443,train
1482,train
1117,train
1037,train
218,train
1168,train
852,train
331,train
570,train
1687,train
897,train
1783,train
314,train
898,train
616,train
439,train
451,train
1956,train
2023,train
2245,train
1700,train
1533,train
1432,train
221,train
2193,train
1618,train
263,train
1615,train
1660,train
2175,train
1781,train
1204,train
1816,train
866,train
1150,train
1242,train
1205,train
347,train
112,train
2094,train
1091,train
889,train
212,train
2132,train
1889,train
1028,train
2186,train
954,train
1911,train
908,train
355,train
1019,train
1537,train
887,train
1778,train
594,train
713,train
1518,train
1054,train
1630,train
1506,train
1517,train
1585,train
1543,train
772,train
411,train
2042,train
1584,train
1394,train
971,train
2112,train
480,train
1554,train
1965,train
788,train
462,train
503,train
334,train
1711,train
1025,train
1093,train
1420,train
2100,train
787,train
148,train
1485,train
156,train
2314,train
1036,train
2273,train
2298,train
699,train
493,train
382,train
1570,train
1702,train
244,train
562,train
2222,train
277,train
868,train
420,train
2331,train
125,train
876,train
1257,train
1283,train
272,train
1169,train
606,train
750,train
534,train
2290,train
179,train
2066,train
1305,train
2077,train
2320,train
1604,train
1213,train
751,train
1623,train
2197,train
1598,train
1620,train
89,train
2155,train
1738,train
712,train
166,train
858,train
1361,train
715,train
2043,train
1100,train
861,train
1593,train
901,train
1472,train
60,train
1302,train
103,train
1845,train
1970,train
1899,train
1224,train
2142,train
239,train
1779,train
1414,train
1786,train
1844,train
2104,train
1659,train
1766,train
1342,train
1390,train
1621,train
2201,train
2115,train
779,train
2152,train
275,train
583,train
633,train
1398,train
228,train
1534,train
689,train
1909,train
1949,train
1223,train
363,train
1994,train
1148,train
1016,train
160,train
478,train
190,train
1550,train
1055,train
1322,train
2232,train
823,train
2276,train
2322,train
1307,train
1455,train
561,train
1247,train
1163,train
1858,train
43,train
539,train
1748,train
2020,train
1672,train
1478,train
354,train
885,train
1262,train
577,train
2195,train
544,train
1594,train
1078,train
1090,train
1350,train
1861,train
425,train
1619,train
1469,train
2089,train
631,train
683,test
1440,test
253,test
1456,test
1722,test
1951,test
1749,test
1287,test
2128,test
1989,test
57,test
302,test
137,test
383,test
1145,test
1476,test
206,test
1173,test
921,test
1767,test
25,test
1463,test
1834,test
512,test
969,test
336,test
1581,test
1794,test
2323,test
330,test
886,test
134,test
260,test
163,test
2156,test
2221,test
2106,test
362,test
1277,test
181,test
180,test
91,test
367,test
818,test
273,test
940,test
1446,test
1444,test
507,test
441,test
79,test
1896,test
2281,test
2307,test
2242,test
1007,test
1111,test
446,test
709,test
1235,test
395,test
225,test
1713,test
639,test
1156,test
1799,test
113,test
1521,test
1628,test
1654,test
659,test
732,test
519,test
1258,test
652,test
579,test
15,test
2180,test
234,test
1692,test
564,test
289,test
2288,test
1059,test
2160,test
2262,test
2090,test
1648,test
1320,test
935,test
144,test
805,test
790,test
1273,test
538,test
798,test
70,test
1306,test
88,test
2200,test
1171,test
1411,test
585,test
2108,test
628,test
95,test
2141,test
884,test
1892,test
1358,test
1875,test
593,test
2157,test
1640,test
2084,test
2313,test
0,test
991,test
2328,test
1902,test
1396,test
1898,test
109,test
202,test
2173,test
1824,test
1113,test
1190,test
1496,test
2021,test
1395,test
804,test
1733,test
2123,test
1948,test
23,test
883,test
1873,test
738,test
13,test
841,test
1542,test
2216,test
1610,test
1298,test
132,test
335,test
1579,test
2140,test
1018,test
147,test
2225,test
597,test
1132,test
1830,test
4,test
1625,test
1551,test
1048,test
294,test
728,test
1990,test
765,test
1021,test
7,test
35,test
1977,test
1814,test
964,test
830,test
1676,test
2086,test
1694,test
929,test
1352,test
900,test
1576,test
2126,test
1421,test
1644,test
556,test
1180,test
1708,test
686,test
146,test
2249,test
1541,test
2237,test
2279,test
973,test
2091,test
333,test
1466,test
996,test
2107,test
271,test
1185,test
920,test
566,test
542,test
604,test
499,test
576,test
684,test
1118,test
340,test
648,test
911,test
2034,test
1405,test
2339,test
2211,test
1439,test
415,test
2275,test
1324,test
1645,test
142,test
2080,test
443,test
2117,test
350,test
1653,test
111,test
1417,test
754,test
1095,test
2274,test
2064,test
1724,test
981,test
2240,test
1865,test
1574,test
2027,test
957,test
773,test
1371,test
731,test
484,test
670,test
2118,test
2074,test
245,test
1354,test
588,test
993,test
54,test
106,test
2040,test
657,test
1684,test
1176,test
1608,test
249,test
832,test
1841,test
248,test
1244,test
2103,test
136,test
373,test
1153,test
62,test
1737,test
1900,test
1015,test
1631,test
682,test
1136,test
1924,test
803,test
2185,test
1433,test
1099,test
1874,test
317,test
1910,test
1920,test
1761,test
1678,test
223,test
936,test
2093,test
120,test
337,test
2318,test
2285,test
1772,test
1399,test
1060,test
1403,test
622,test
1334,test
92,test
880,test
192,test
1785,test
939,test
2199,test
903,test
2050,test
753,test
2016,test
1823,test
673,test
2286,test
2121,test
1863,test
2215,test
543,test
702,test
2073,test
1435,test
1126,test
965,test
1512,test
11,test
2266,test
2002,test
696,test
894,test
2316,test
29,test
68,test
1426,test
943,test
1740,test
975,test
909,test
837,test
1804,test
2329,test
97,test
2056,test
1915,test
1216,test
1536,test
1274,test
708,test
115,test
1685,test
28,test
204,test
1410,test
552,test
623,test
1668,test
591,test
227,test
1756,test
1365,test
1211,test
345,test
318,test
660,test
151,test
1617,test
1960,test
867,test
1524,test
2247,test
934,test
129,test
3,test
5,test
2006,test
1300,test
574,test
1086,test
927,test
1796,test
1373,test
410,test
1575,test
541,test
1971,test
1666,test
422,test
242,test
1580,test
917,test
1052,test
1087,test
83,test
380,test
1125,test
860,test
1515,test
1945,test
2198,test
1134,test
2134,test
1591,test
1233,test
1606,test
2116,test
1464,test
309,test
2070,test
1717,test
214,test
1905,test
1979,test
2087,test
1108,test
1836,test
1642,test
145,test
1860,test
2268,test
149,test
44,test
1906,test
1922,test
1337,test
1112,test
1682,test
794,test
2072,test
1981,test
342,test
792,test
763,test
2257,test
871,test
2033,test
2088,test
1309,test
655,test
1017,test
353,test
843,test
2024,test
76,test
1540,test
2181,test
128,test
1978,test
1698,test
1821,test
1261,test
282,test
1812,test
2299,test
377,test
1367,test
992,test
1966,test
237,test
1569,test
1752,test
10,test
557,test
537,test
1174,test
49,test
720,test
1047,test
48,test
238,test
1416,test
1916,test
891,test
2217,test
1886,test
733,test
1553,test
